12_class_multilabel_fashionclip_ft	1604104	material_span_grounding/experiments/12_class_multilabel_fashionclip_ft/models/fashionclip_projection.pt
12_class_multilabel_fashionclip_ft	29967064	material_span_grounding/experiments/12_class_multilabel_fashionclip_ft/models/fashionclip_last1.pt
12_class_multilabel_fashionclip_ft	30881	material_span_grounding/experiments/12_class_multilabel_fashionclip_ft/models/fashionclip_frozen.pt
12_class_multilabel_fashionclip_ft	351492579	material_span_grounding/experiments/12_class_multilabel_fashionclip_ft/models/fashionclip_full.pt
12_class_multilabel_fashionclip_ft	58323656	material_span_grounding/experiments/12_class_multilabel_fashionclip_ft/models/fashionclip_last2.pt
13_category_only_baseline	11240	material_span_grounding/experiments/13_category_only_baseline/models/category_only_best.pt
16_recommendation_reranking	11276450	material_span_grounding/experiments/16_recommendation_reranking/models/bpr_final.pt
16_recommendation_reranking	5116229	material_span_grounding/experiments/16_recommendation_reranking/models/bpr_validation.pt
16_strong_recommender_tactile	211649762	material_span_grounding/experiments/16_strong_recommender_tactile/artifacts/checkpoints/sasrec_lr0.001.pt
16_strong_recommender_tactile	211649794	material_span_grounding/experiments/16_strong_recommender_tactile/artifacts/checkpoints/sasrec_lr0.0003.pt
16_strong_recommender_tactile	211848544	material_span_grounding/experiments/16_strong_recommender_tactile/artifacts/checkpoints/esasrec_lr0.001.pt
16_strong_recommender_tactile	211848582	material_span_grounding/experiments/16_strong_recommender_tactile/artifacts/checkpoints/esasrec_lr0.0003.pt
16_strong_recommender_tactile	231075120	material_span_grounding/experiments/16_strong_recommender_tactile/artifacts/checkpoints/bpr_lr0.001.pt
16_strong_recommender_tactile	231075126	material_span_grounding/experiments/16_strong_recommender_tactile/artifacts/checkpoints/bpr_lr0.0003.pt
16_strong_recommender_tactile	237375448	material_span_grounding/experiments/16_strong_recommender_tactile/artifacts/checkpoints/lightgcn_lr0.001.pt
16_strong_recommender_tactile	237375456	material_span_grounding/experiments/16_strong_recommender_tactile/artifacts/checkpoints/lightgcn_lr0.0003.pt
16_strong_recommender_tactile	3614273093	material_span_grounding/experiments/16_strong_recommender_tactile/artifacts/checkpoints/smore_lr0.001.pt
16_strong_recommender_tactile	3614273126	material_span_grounding/experiments/16_strong_recommender_tactile/artifacts/checkpoints/smore_lr0.0003.pt
17_history3_recommender_refresh	211526696	material_span_grounding/experiments/17_history3_recommender_refresh/checkpoints/gru4rec_lr0.001.pt
17_history3_recommender_refresh	211526704	material_span_grounding/experiments/17_history3_recommender_refresh/checkpoints/gru4rec_lr0.0003.pt
17_history3_recommender_refresh	211848066	material_span_grounding/experiments/17_history3_recommender_refresh/checkpoints/bert4rec_lr0.001.pt
17_history3_recommender_refresh	211848098	material_span_grounding/experiments/17_history3_recommender_refresh/checkpoints/bert4rec_lr0.0003.pt
20_tactile_recommender_spec_completion	231081522	material_span_grounding/experiments/20_tactile_recommender_spec_completion/artifacts/checkpoints/I_lr0.001_seed20260904.pt
20_tactile_recommender_spec_completion	231081528	material_span_grounding/experiments/20_tactile_recommender_spec_completion/artifacts/checkpoints/I_lr0.0003_seed20260904.pt
20_tactile_recommender_spec_completion	278195481	material_span_grounding/experiments/20_tactile_recommender_spec_completion/artifacts/checkpoints/I_T_lr0.001_seed20260904.pt
20_tactile_recommender_spec_completion	278195494	material_span_grounding/experiments/20_tactile_recommender_spec_completion/artifacts/checkpoints/I_T_lr0.0003_seed20260904.pt
20_tactile_recommender_spec_completion	3614280337	material_span_grounding/experiments/20_tactile_recommender_spec_completion/artifacts/checkpoints/I_VX_lr0.001_seed20260904.pt
20_tactile_recommender_spec_completion	3614280370	material_span_grounding/experiments/20_tactile_recommender_spec_completion/artifacts/checkpoints/I_VX_lr0.0003_seed20260904.pt
20_tactile_recommender_spec_completion	3661394442	material_span_grounding/experiments/20_tactile_recommender_spec_completion/artifacts/checkpoints/I_VX_T_lr0.001_seed20260904.pt
20_tactile_recommender_spec_completion	3661394482	material_span_grounding/experiments/20_tactile_recommender_spec_completion/artifacts/checkpoints/I_VX_T_lr0.0003_seed20260904.pt
20_tactile_recommender_spec_completion	3661394762	material_span_grounding/experiments/20_tactile_recommender_spec_completion/artifacts/checkpoints/I_VX_T_SHUFFLE_lr0.001_seed20260904.pt
20_tactile_recommender_spec_completion	3661394802	material_span_grounding/experiments/20_tactile_recommender_spec_completion/artifacts/checkpoints/I_VX_T_SHUFFLE_lr0.0003_seed20260904.pt
21_fabricvst_external	58329062	material_span_grounding/experiments/21_fabricvst_external/checkpoints/fabricvst_taxonomy/B_best.pt
21_fabricvst_external	58329062	material_span_grounding/experiments/21_fabricvst_external/checkpoints/fabricvst_taxonomy/B_last.pt
21_fabricvst_external	58341478	material_span_grounding/experiments/21_fabricvst_external/checkpoints/fabricvst_taxonomy/best.pt
21_fabricvst_external	58341478	material_span_grounding/experiments/21_fabricvst_external/checkpoints/fabricvst_taxonomy/last.pt
24_adaptive_tactile_recommendation	211646722	material_span_grounding/experiments/24_adaptive_tactile_recommendation/checkpoints/R0_seed20260917.pt
24_adaptive_tactile_recommendation	211647042	material_span_grounding/experiments/24_adaptive_tactile_recommendation/checkpoints/R5_hard0.5_seed20260917.pt
24_adaptive_tactile_recommendation	211647074	material_span_grounding/experiments/24_adaptive_tactile_recommendation/checkpoints/R5_hard0.25_seed20260917.pt
24_adaptive_tactile_recommendation	211647074	material_span_grounding/experiments/24_adaptive_tactile_recommendation/checkpoints/R5_hard0.75_seed20260917.pt
24_adaptive_tactile_recommendation	211647330	material_span_grounding/experiments/24_adaptive_tactile_recommendation/checkpoints/R5_hard0.5_SHUFFLED_seed20260917.pt
24_adaptive_tactile_recommendation	257917581	material_span_grounding/experiments/24_adaptive_tactile_recommendation/checkpoints/R4_lambda0.1_seed20260917.pt
24_adaptive_tactile_recommendation	257917581	material_span_grounding/experiments/24_adaptive_tactile_recommendation/checkpoints/R4_lambda0.2_seed20260917.pt
24_adaptive_tactile_recommendation	257917581	material_span_grounding/experiments/24_adaptive_tactile_recommendation/checkpoints/R4_lambda0.5_seed20260917.pt
24_adaptive_tactile_recommendation	257917618	material_span_grounding/experiments/24_adaptive_tactile_recommendation/checkpoints/R4_lambda0.01_seed20260917.pt
24_adaptive_tactile_recommendation	257917618	material_span_grounding/experiments/24_adaptive_tactile_recommendation/checkpoints/R4_lambda0.05_seed20260917.pt
24_adaptive_tactile_recommendation	257952508	material_span_grounding/experiments/24_adaptive_tactile_recommendation/checkpoints/R3_film_seed20260917.pt
24_adaptive_tactile_recommendation	257952603	material_span_grounding/experiments/24_adaptive_tactile_recommendation/checkpoints/R3_concat_proj_seed20260917.pt
24_adaptive_tactile_recommendation	257953297	material_span_grounding/experiments/24_adaptive_tactile_recommendation/checkpoints/R3_shuffle_seed20260917.pt
24_adaptive_tactile_recommendation	257953555	material_span_grounding/experiments/24_adaptive_tactile_recommendation/checkpoints/R3_residual_gate_seed20260917.pt
24_adaptive_tactile_recommendation	258011395	material_span_grounding/experiments/24_adaptive_tactile_recommendation/checkpoints/R6_seed20260917.pt
data_derived	940152	material_span_grounding/data/derived/multimodal_catalog_v1/image_to_tactile_mlp.pt
